{
	"credit": "Made with Blockbench",
	"parent": "item/medals/golden_medal",
	"textures": {
		"0": "block/gold_block",
		"1": "block/red_nether_bricks",
		"2": "block/blue_wool",
		"particle": "block/gold_block"
	},
	"elements": [
		{
			"from": [2.9, 10.25, 11.24],
			"to": [4.9, 17.25, 11.76],
			"rotation": {"angle": 22.5, "axis": "z", "origin": [10.75, 18.25, 8]},
			"faces": {
				"north": {"uv": [0, 0, 16, 16], "texture": "#2"},
				"east": {"uv": [0, 0, 15.519, 16], "texture": "#2"},
				"south": {"uv": [0, 0, 16, 16], "texture": "#2"},
				"west": {"uv": [0, 0, 15.519, 16], "texture": "#2"},
				"up": {"uv": [0, 0, 16, 15.519], "texture": "#2"},
				"down": {"uv": [0, 0, 2, 0.52], "texture": "#missing"}
			}
		},
		{
			"from": [10, 5, 11.24],
			"to": [12, 12, 11.76],
			"rotation": {"angle": -22.5, "axis": "z", "origin": [18, 13, 8]},
			"faces": {
				"north": {"uv": [0, 0, 16, 16], "texture": "#2"},
				"east": {"uv": [0, 0, 15.519, 16], "texture": "#2"},
				"south": {"uv": [0, 0, 16, 16], "texture": "#2"},
				"west": {"uv": [0, 0, 15.519, 16], "texture": "#2"},
				"up": {"uv": [0, 0, 16, 15.519], "texture": "#2"},
				"down": {"uv": [0, 0, 2, 0.52], "texture": "#missing"}
			}
		},
		{
			"from": [6.5, 5.5, 11.25],
			"to": [9.5, 8.5, 11.75],
			"rotation": {"angle": 0, "axis": "y", "origin": [15.5, 14.5, 19.25]},
			"faces": {
				"north": {"uv": [0, 0, 16, 16], "texture": "#0"},
				"east": {"uv": [0, 0, 0.5, 16], "texture": "#0"},
				"south": {"uv": [0, 0, 16, 16], "texture": "#0"},
				"west": {"uv": [0, 0, 0.5, 16], "texture": "#0"},
				"up": {"uv": [0, 0, 3, 0.5], "texture": "#missing"},
				"down": {"uv": [0, 0, 1, 15.5], "texture": "#0"}
			}
		},
		{
			"from": [1.625, 10.65, 11],
			"to": [1.875, 11.15, 11.75],
			"rotation": {"angle": 45, "axis": "z", "origin": [9.125, 17, 18.75]},
			"faces": {
				"north": {"uv": [0, 0, 15.25, 15.5], "texture": "#1"},
				"east": {"uv": [0, 0, 15.75, 15.5], "texture": "#1"},
				"south": {"uv": [0, 0, 15.25, 15.5], "texture": "#0"},
				"west": {"uv": [0, 0, 15.75, 15.5], "texture": "#1"},
				"up": {"uv": [0, 0, 0.25, 0.75], "texture": "#missing"},
				"down": {"uv": [0, 0, 15.25, 15.75], "texture": "#1"}
			}
		},
		{
			"from": [7.625, 6.25, 11],
			"to": [8.375, 6.5, 11.75],
			"rotation": {"angle": 0, "axis": "z", "origin": [1.875, 13.75, 18.75]},
			"faces": {
				"north": {"uv": [0, 0, 15.25, 15.75], "rotation": 90, "texture": "#1"},
				"east": {"uv": [0, 0, 15.25, 15.75], "rotation": 270, "texture": "#1"},
				"south": {"uv": [0, 0, 15.25, 15.75], "rotation": 270, "texture": "#0"},
				"west": {"uv": [0, 0, 15.25, 15.75], "rotation": 270, "texture": "#1"},
				"up": {"uv": [0, 0, 15.75, 15.75], "rotation": 270, "texture": "#1"},
				"down": {"uv": [0, 0, 15.75, 15.75], "rotation": 270, "texture": "#1"}
			}
		},
		{
			"from": [7.875, 6.25, 11],
			"to": [8.125, 7.75, 11.75],
			"rotation": {"angle": 0, "axis": "z", "origin": [15.375, 13.5, 18.75]},
			"faces": {
				"north": {"uv": [0, 0, 15.25, 15.5], "texture": "#1"},
				"east": {"uv": [0, 0, 15.75, 15.5], "texture": "#1"},
				"south": {"uv": [0, 0, 15.25, 15.5], "texture": "#0"},
				"west": {"uv": [0, 0, 15.75, 15.5], "texture": "#1"},
				"up": {"uv": [0, 0, 15.25, 15.75], "texture": "#1"},
				"down": {"uv": [0, 0, 15.25, 15.75], "texture": "#1"}
			}
		}
	],
	"display": {
		"thirdperson_righthand": {
			"translation": [0, -4, -2.75],
			"scale": [0.71, 0.71, 0.71]
		},
		"thirdperson_lefthand": {
			"translation": [0, -4, -2.75],
			"scale": [0.71, 0.71, 0.71]
		},
		"ground": {
			"translation": [0, 0, -3.75]
		},
		"gui": {
			"rotation": [0, -180, 0],
			"translation": [0, -3.25, 0],
			"scale": [1.47, 1.47, 1.47]
		},
		"head": {
			"rotation": [18, 0, 0],
			"translation": [0, -14, -11],
			"scale": [1.47, 1.47, 1.47]
		},
		"fixed": {
			"translation": [0, -3, -5.25],
			"scale": [1.47, 1.47, 1.47]
		}
	}
}