{
    "providers": [
        {
            "type": "bitmap",
            "file": "minecraft:custom/worrideath.png",
            "ascent": 9,
            "height": 9,
            "chars": ["\uE666"]
        },
        {
            "type": "bitmap",
            "file": "minecraft:custom/u1F60A.png",
            "ascent": 9,
            "height": 9,
            "chars": ["\uE000"]
        },
        {
            "type": "bitmap",
            "file": "minecraft:custom/u1F60B.png",
            "ascent": 9,
            "height": 9,
            "chars": ["\uE001"]
        },
        {
            "type": "bitmap",
            "file": "minecraft:custom/u1F60C.png",
            "ascent": 9,
            "height": 9,
            "chars": ["\uE002"]
        },
        {
            "type": "bitmap",
            "file": "minecraft:custom/u1F60D.png",
            "ascent": 9,
            "height": 9,
            "chars": ["\uE003"]
        },
        {
            "type": "bitmap",
            "file": "minecraft:custom/u1F60E.png",
            "ascent": 9,
            "height": 9,
            "chars": ["\uE004"]
        },
        {
            "type": "bitmap",
            "file": "minecraft:custom/u1F60F.png",
            "ascent": 9,
            "height": 9,
            "chars": ["\uE005"]
        },
        {
            "type": "bitmap",
            "file": "minecraft:custom/u1F61A.png",
            "ascent": 9,
            "height": 9,
            "chars": ["\uE006"]
        },
        {
            "type": "bitmap",
            "file": "minecraft:custom/u1F61B.png",
            "ascent": 9,
            "height": 9,
            "chars": ["\uE007"]
        },
        {
            "type": "bitmap",
            "file": "minecraft:custom/u1F61C.png",
            "ascent": 9,
            "height": 9,
            "chars": ["\uE008"]
        },
        {
            "type": "bitmap",
            "file": "minecraft:custom/u1F61D.png",
            "ascent": 9,
            "height": 9,
            "chars": ["\uE009"]
        },
        {
            "type": "bitmap",
            "file": "minecraft:custom/u1F61E.png",
            "ascent": 9,
            "height": 9,
            "chars": ["\uE00A"]
        },
        {
            "type": "bitmap",
            "file": "minecraft:custom/u1F61F.png",
            "ascent": 9,
            "height": 9,
            "chars": ["\uE00B"]
        },
        {
            "type": "bitmap",
            "file": "minecraft:custom/u1F62A.png",
            "ascent": 9,
            "height": 9,
            "chars": ["\uE00C"]
        },
        {
            "type": "bitmap",
            "file": "minecraft:custom/u1F62B.png",
            "ascent": 9,
            "height": 9,
            "chars": ["\uE00D"]
        },
        {
            "type": "bitmap",
            "file": "minecraft:custom/u1F62C.png",
            "ascent": 9,
            "height": 9,
            "chars": ["\uE00E"]
        },
        {
            "type": "bitmap",
            "file": "minecraft:custom/u1F62D.png",
            "ascent": 9,
            "height": 9,
            "chars": ["\uE00F"]
        },
        {
            "type": "bitmap",
            "file": "minecraft:custom/u1F62E.png",
            "ascent": 9,
            "height": 9,
            "chars": ["\uE010"]
        },
        {
            "type": "bitmap",
            "file": "minecraft:custom/u1F62F.png",
            "ascent": 9,
            "height": 9,
            "chars": ["\uE011"]
        }
    ]
}