{
	"credit": "Made with Blockbench",
	"parent": "item/loser_medal",
	"textures": {
		"1": "block/red_nether_bricks",
		"2": "block/blue_wool",
		"3": "block/coal_block",
		"4": "block/dirt",
		"particle": "block/coal_block"
	},
	"elements": [
		{
			"from": [2.9, 10.25, 11.24],
			"to": [4.9, 17.25, 11.76],
			"rotation": {"angle": 22.5, "axis": "z", "origin": [10.75, 18.25, 8]},
			"faces": {
				"north": {"uv": [0, 0, 16, 16], "texture": "#2"},
				"east": {"uv": [0, 0, 15.519, 16], "texture": "#2"},
				"south": {"uv": [0, 0, 16, 16], "texture": "#2"},
				"west": {"uv": [0, 0, 15.519, 16], "texture": "#2"},
				"up": {"uv": [0, 0, 16, 15.519], "texture": "#2"},
				"down": {"uv": [0, 0, 2, 0.52], "texture": "#missing"}
			}
		},
		{
			"from": [10, 5, 11.24],
			"to": [12, 12, 11.76],
			"rotation": {"angle": -22.5, "axis": "z", "origin": [18, 13, 8]},
			"faces": {
				"north": {"uv": [0, 0, 16, 16], "texture": "#2"},
				"east": {"uv": [0, 0, 15.519, 16], "texture": "#2"},
				"south": {"uv": [0, 0, 16, 16], "texture": "#2"},
				"west": {"uv": [0, 0, 15.519, 16], "texture": "#2"},
				"up": {"uv": [0, 0, 16, 15.519], "texture": "#2"},
				"down": {"uv": [0, 0, 2, 0.52], "texture": "#missing"}
			}
		},
		{
			"from": [6.5, 5.5, 11.25],
			"to": [9.5, 8.5, 11.75],
			"rotation": {"angle": 0, "axis": "y", "origin": [15.5, 14.5, 19.25]},
			"faces": {
				"north": {"uv": [0, 0, 16, 16], "texture": "#4"},
				"east": {"uv": [0, 0, 0.5, 16], "texture": "#4"},
				"south": {"uv": [0, 0, 16, 16], "texture": "#4"},
				"west": {"uv": [0, 0, 0.5, 16], "texture": "#4"},
				"up": {"uv": [0, 0, 3, 0.5], "texture": "#missing"},
				"down": {"uv": [0, 0, 1, 15.5], "texture": "#4"}
			}
		},
		{
			"from": [7.5, 6.875, 11],
			"to": [8.375, 7.125, 11.75],
			"rotation": {"angle": 0, "axis": "z", "origin": [1.875, 14.375, 18.75]},
			"faces": {
				"north": {"uv": [0, 0, 15.25, 15.75], "rotation": 90, "texture": "#3"},
				"east": {"uv": [0, 0, 15.25, 15.75], "rotation": 270, "texture": "#1"},
				"south": {"uv": [0, 0, 15.25, 15.75], "rotation": 270, "texture": "#missing"},
				"west": {"uv": [0, 0, 15.25, 15.75], "rotation": 270, "texture": "#3"},
				"up": {"uv": [0, 0, 15.75, 15.75], "rotation": 270, "texture": "#3"},
				"down": {"uv": [0, 0, 15.75, 15.75], "rotation": 270, "texture": "#3"}
			}
		},
		{
			"from": [7.5, 7.5, 11],
			"to": [8.375, 7.75, 11.75],
			"rotation": {"angle": 0, "axis": "z", "origin": [1.875, 15, 18.75]},
			"faces": {
				"north": {"uv": [0, 0, 15.25, 15.75], "rotation": 90, "texture": "#3"},
				"east": {"uv": [0, 0, 15.25, 15.75], "rotation": 270, "texture": "#1"},
				"south": {"uv": [0, 0, 15.25, 15.75], "rotation": 270, "texture": "#missing"},
				"west": {"uv": [0, 0, 15.25, 15.75], "rotation": 270, "texture": "#3"},
				"up": {"uv": [0, 0, 15.75, 15.75], "rotation": 270, "texture": "#3"},
				"down": {"uv": [0, 0, 15.75, 15.75], "rotation": 270, "texture": "#3"}
			}
		},
		{
			"from": [8.375, 6, 11],
			"to": [8.625, 7.75, 11.75],
			"rotation": {"angle": 0, "axis": "z", "origin": [15.875, 13.5, 18.75]},
			"faces": {
				"north": {"uv": [0, 0, 15.25, 15.5], "texture": "#3"},
				"east": {"uv": [0, 0, 15.75, 15.5], "texture": "#3"},
				"south": {"uv": [0, 0, 15.25, 15.5], "texture": "#missing"},
				"west": {"uv": [0, 0, 15.75, 15.5], "texture": "#3"},
				"up": {"uv": [0, 0, 15.25, 15.75], "texture": "#3"},
				"down": {"uv": [0, 0, 15.25, 15.75], "texture": "#3"}
			}
		}
	],
	"display": {
		"thirdperson_righthand": {
			"translation": [0, -4, -2.75],
			"scale": [0.71, 0.71, 0.71]
		},
		"thirdperson_lefthand": {
			"translation": [0, -4, -2.75],
			"scale": [0.71, 0.71, 0.71]
		},
		"ground": {
			"translation": [0, 0, -3.75]
		},
		"gui": {
			"rotation": [0, -180, 0],
			"translation": [0, -3.25, 0],
			"scale": [1.47, 1.47, 1.47]
		},
		"head": {
			"rotation": [18, 0, 0],
			"translation": [0, -14, -11],
			"scale": [1.47, 1.47, 1.47]
		},
		"fixed": {
			"translation": [0, -3, -5.25],
			"scale": [1.47, 1.47, 1.47]
		}
	},
	"groups": [
		{
			"name": "golden_medal",
			"origin": [8, 8, 8],
			"children": [0, 1, 2, 3, 4, 5]
		}
	]
}